game_id,category,clue,answer,value,round
8998,A DATE IN HISTORY,"After this couple's first date in 1894, she went home to Poland while he wrote her letters about his ""dream for science""",UNKNOWN,200,Jeopardy
8998,IDIOMS & EXPRESSIONS,"In a sporty idiom, to make expectations higher is to do this, from field events like the pole vault",UNKNOWN,200,Jeopardy
8998,A WORD FROM YOUR DOCTOR,"When I ask if you have this kind of pain, I mean is it sharp or sudden, not from an angle of less than 90 degrees",UNKNOWN,200,Jeopardy
8998,ALSO A FISHING TERM,Just scoop ice cream on root beer for this type of beverage,UNKNOWN,200,Jeopardy
8998,A THING FOR FEATS,"It took Russ Cook 352 days to run the length of this continent, from Cape Agulhas to the Mediterranean",UNKNOWN,200,Jeopardy
8998,WE CRACK OURSELVES UP,"Tom Felton said Rupert Grint was fined 2,500 pounds (going to charity) over the 1st 2 films in this series for laughing mid-scene",UNKNOWN,200,Jeopardy
8998,A DATE IN HISTORY,In Tarsus in 41 B.C. Cleopatra wooed this beefy Roman by arriving to a date dressed as Venus,UNKNOWN,400,Jeopardy
8998,IDIOMS & EXPRESSIONS,"Someone of unappealing visage is said to have ""a face for"" this medium; Fred Allen said it of himself",UNKNOWN,400,Jeopardy
8998,A WORD FROM YOUR DOCTOR,"I'm afraid you've broken a brachial bone, brachial meaning a part of this body part",UNKNOWN,400,Jeopardy
8998,ALSO A FISHING TERM,Serling or Steiger,UNKNOWN,400,Jeopardy
8998,A THING FOR FEATS,In 2024 Anouk Garnier beat a record by rope climbing 361 feet to the second floor of this French landmark,UNKNOWN,400,Jeopardy
8998,WE CRACK OURSELVES UP,"You can see Matt LeBlanc try to hide real laughter as Joey ducks behind a panicked Ross, in search of a ring on this sitcom",UNKNOWN,400,Jeopardy
8998,A DATE IN HISTORY,"In the summer of 1989, this not-yet-famous couple went on a movie date in Chicago & saw a Spike Lee film",UNKNOWN,0,Jeopardy
8998,IDIOMS & EXPRESSIONS,"Completing ""give him his..."". it means to free him, but completing ""hand him his..."". it means to beat him",UNKNOWN,600,Jeopardy
8998,A WORD FROM YOUR DOCTOR,"I've got one of these forecasts for you, from Greek for ""prediction""",UNKNOWN,600,Jeopardy
8998,ALSO A FISHING TERM,"Per the OED, ""a well-known conjecture is that"" this friendly word ""was a familiar abbreviation of chamber-fellow""",UNKNOWN,600,Jeopardy
8998,A THING FOR FEATS,"In 2007 Alain Robert climbed an 88-story building with only his hands & feet while wearing this superhero costume, naturally",UNKNOWN,600,Jeopardy
8998,WE CRACK OURSELVES UP,"On ""SNL"", Heidi Gardner could not take Mikey Day's makeup when he & Ryan Gosling played this animated MTV duo",UNKNOWN,600,Jeopardy
8998,A DATE IN HISTORY,"On one of this duo's early dates in 1930, he crashed on her couch & in the morning, the Dallas police arrested him",UNKNOWN,800,Jeopardy
8998,IDIOMS & EXPRESSIONS,"You'll find the French word for ""beautiful"" in this phrase for the most attractive person in a given setting",UNKNOWN,800,Jeopardy
8998,A WORD FROM YOUR DOCTOR,"When I say this is ""thready"", I mean it's barely perceptible & feels kind of like a thin fiber moving under my finger",UNKNOWN,800,Jeopardy
8998,ALSO A FISHING TERM,This baseball pitch gets batters to hit a lot of ground balls,UNKNOWN,800,Jeopardy
8998,A THING FOR FEATS,"In 1955 Tex Johnston did this ""roll""-ing aerial maneuver in a big Boeing plane & later wrote, ""The airplane never knows it's inverted""",UNKNOWN,800,Jeopardy
8998,WE CRACK OURSELVES UP,"After Tim Conway's ad-lib story about Siamese elephants, Vicki Lawrence broke this show's cast w/ ""Sure that little (bleep) is through?""",UNKNOWN,800,Jeopardy
8998,A DATE IN HISTORY,"A tale of a medieval hookup: this pair met in Paris around 1115, had a son, but lived on separated as monk & nun",UNKNOWN,1000,Jeopardy
8998,IDIOMS & EXPRESSIONS,"This 2-part phrase meaning ""completely settled"" has a variation that's been used as a hair salon name",UNKNOWN,1000,Jeopardy
8998,A WORD FROM YOUR DOCTOR,I need to examine your ear--hold on while I grab this doohickey with a handle & a light that lets me look inside,UNKNOWN,1000,Jeopardy
8998,ALSO A FISHING TERM,"In computing, it's an acronym for a transfer of data to a temporary storage area",UNKNOWN,1000,Jeopardy
8998,A THING FOR FEATS,Jeanne Baret in the 1700s is credited with being the first woman to do this; she had to transfer ships to accomplish it,UNKNOWN,1000,Jeopardy
8998,WE CRACK OURSELVES UP,"Jack Nicholson, who may or may not have been under the influence, cracks up while talking about Venusians to Dennis Hopper in this film",UNKNOWN,1000,Jeopardy
8998,CANALS,"Arriving at New York City Nov. 4, 1825, the Seneca Chief became the first boat to travel the length of this canal",UNKNOWN,400,Double Jeopardy
8998,"""I"" + 4","Typically found at the end of a book, it's an alphabetical listing of items in the book, with page numbers",UNKNOWN,400,Double Jeopardy
8998,TOO MUCH OF SOMETHING,"Oxfam thinks Taylor Swift has too much money, as ""every"" one of these people ""is a policy failure""",UNKNOWN,400,Double Jeopardy
8998,TICK TOCK,"A major monument of Rouen, France is a Renaissance clock that has fabulous decorations & machinery, but only one of these",UNKNOWN,400,Double Jeopardy
8998,FACE BOOKS,"He published both ""The Eye Book"" & ""The Tooth Book"" as Theo. LeSieg, the last name being an anagram of Geisel",UNKNOWN,400,Double Jeopardy
8998,INSTA-GRAHAM,"It wasn't until March 17, 2024 that she joined Instagram, posting a picture from ""Gilmore Girls""",UNKNOWN,400,Double Jeopardy
8998,CANALS,"Scotland's Caledonian Canal runs through lakes, including this largest by volume in Britain that's also otherwise famous",UNKNOWN,800,Double Jeopardy
8998,"""I"" + 4",This Texas-based company has been making its iconic plastic ice chests since the 1960s,UNKNOWN,800,Double Jeopardy
8998,TOO MUCH OF SOMETHING,"You're feeling wired, your heart is racing--you're this 15-letter word & probably should have skipped that third espresso",UNKNOWN,800,Double Jeopardy
8998,TICK TOCK,"The mysteriously named Ohio Clock has stood in the U.S. Senate for two centuries; here, it's adjusted for this for the first time in 1918",UNKNOWN,800,Double Jeopardy
8998,FACE BOOKS,"Hawthorne's story ""The Great Stone Face"" refers to a natural landmark that was in the White Mountains of this state",UNKNOWN,800,Double Jeopardy
8998,INSTA-GRAHAM,"She describes herself on Instagram as an actress, filmmaker & big nerd",UNKNOWN,800,Double Jeopardy
8998,CANALS,"Although very short at 748 feet, this city's picturesque Winter Canal is crossed by three bridges, including the Hermitage Bridge",UNKNOWN,1200,Double Jeopardy
8998,"""I"" + 4","Last name of Max, son of a famous actor father & famous actress mother, Sinéad Cusack",UNKNOWN,1200,Double Jeopardy
8998,TOO MUCH OF SOMETHING,"Hi, I'm shame. Do you know my cousin, this? He has a complex named after him, when one is awash with feelings of having done wrong",UNKNOWN,1200,Double Jeopardy
8998,TICK TOCK,An iconic tower in this capital city has displayed a clock made by local company Seiko since 1966,UNKNOWN,1200,Double Jeopardy
8998,FACE BOOKS,"He deciphered the power (& plot) of hero myths in his 1949 work ""The Hero with a Thousand Faces""",UNKNOWN,1200,Double Jeopardy
8998,INSTA-GRAHAM,"Honey Maid Graham crackers posted a hack for making these treats: put the chocolate inside the marshmallow, then roast",UNKNOWN,1200,Double Jeopardy
8998,CANALS,"When the Elbe Lateral Canal opened in 1977, it allowed ships traveling to this port to avoid passing through East Germany",UNKNOWN,1600,Double Jeopardy
8998,"""I"" + 4","William Butler Yeats got nationalistic as he urged these ""Poets, learn your trade, sing whatever is well made""",UNKNOWN,1600,Double Jeopardy
8998,TOO MUCH OF SOMETHING,"Hyperlipidemia, too much fat in the blood, is caused by an excess of this substance provided by your own liver plus pork & donuts",UNKNOWN,1600,Double Jeopardy
8998,TICK TOCK,"A victim of sexist obscurity, this kind of timepiece stands between 5 & 6' tall, like one appraised on ""Antiques Roadshow"" in 2012",UNKNOWN,0,Double Jeopardy
8998,FACE BOOKS,Tea Cake is Janie Crawford's third husband in this classic by Zora Neale Hurston,UNKNOWN,1600,Double Jeopardy
8998,INSTA-GRAHAM,"The official account of her dance company posted a video of her dancing in ""Appalachian Spring"" in 1947",UNKNOWN,1600,Double Jeopardy
8998,CANALS,"This Asian capital has been called the ""Venice of the East"", though most of the smaller khlongs or canals have been filled in",UNKNOWN,2000,Double Jeopardy
8998,"""I"" + 4","In ""Doctor Faustus"" Christopher Marlowe uses this name for Troy",UNKNOWN,2000,Double Jeopardy
8998,TOO MUCH OF SOMETHING,"To us this Greek word means excess pride; to Aristotle, it meant shaming   others for one's own pleasure (perhaps out of pride)",UNKNOWN,0,Double Jeopardy
8998,TICK TOCK,In the early '60s this Greek-letter brand was a big deal with JFK's Slimline & Mercury astronaut Wally Schirra's Speedmaster,UNKNOWN,2000,Double Jeopardy
8998,FACE BOOKS,Cultural appropriation is at the heart of this novel by R.F. Kuang; a white woman steals a manuscript written by her Asian friend,UNKNOWN,2000,Double Jeopardy
8998,INSTA-GRAHAM,He often posts about his BBC chat show & his GN wine,UNKNOWN,2000,Double Jeopardy
8998,ANCIENT ANIMALS,The first fossils of these creatures with an elongated 4th digit were described in 1784 by naturalist Cosimo Collini,UNKNOWN,0,Final Jeopardy
8997,FACTS ABOUT WORLD WAR I,"To confuse & thwart infiltrators, blind alleys with dead ends & zigzag patterns were used as part of constructing these",UNKNOWN,200,Jeopardy
8997,THEY COME IN PAIRS,"Before these were tiny headphones, the term referred to little shoots of young corn",UNKNOWN,200,Jeopardy
8997,WORDS IN A DICKENS TITLE,To wrench an ankle; ouch!,UNKNOWN,200,Jeopardy
8997,"PUTTING THE ""T"" IN TV",Emeril Lagasse & Wolfgang Puck have served as judges on this competition that's been cooking since 2006,UNKNOWN,200,Jeopardy
8997,SCIENCE: MISSED IT BY THAT MUCH,"""How Deep Is"" this, asks a song standard--a 2010 estimate says 12,080' mean depth so John Murray in 1888 was pretty close at 12,480'",UNKNOWN,200,Jeopardy
8997,"ROCK, PAPER, SCISSORS",You'll want to use paper called kami that's thinner & often 6 inches square for this craft with a Japanese name,UNKNOWN,200,Jeopardy
8997,FACTS ABOUT WORLD WAR I,"In 1915, British troops landed at Cape Helles near Gallipoli to try to seize this strait whose old name may be an easier get",UNKNOWN,400,Jeopardy
8997,THEY COME IN PAIRS,A 90-pack--that's 45 pairs!--of these from Bausch & Lomb should keep things clear for awhile,UNKNOWN,400,Jeopardy
8997,WORDS IN A DICKENS TITLE,It's said to have finished off the nosy feline,UNKNOWN,400,Jeopardy
8997,"PUTTING THE ""T"" IN TV","From 1993 to 2001, Chuck Norris was Walker, this",UNKNOWN,400,Jeopardy
8997,SCIENCE: MISSED IT BY THAT MUCH,"In the 1860s John Newlands arranged the 56 known these according to a soon-discredited ""Law of Octaves""",UNKNOWN,400,Jeopardy
8997,"ROCK, PAPER, SCISSORS",This word for heavy scissors used to cut metal or hair tells you what they do,UNKNOWN,400,Jeopardy
8997,FACTS ABOUT WORLD WAR I,"British soldiers during the war were called Tommies & U.S. soldiers were called by this ""flour""-y name",UNKNOWN,600,Jeopardy
8997,THEY COME IN PAIRS,"Before cellphones, every kid wanted a pair of these rhyming handheld communication devices",UNKNOWN,600,Jeopardy
8997,WORDS IN A DICKENS TITLE,Type of fund that invests in diversified securities,UNKNOWN,0,Jeopardy
8997,"PUTTING THE ""T"" IN TV","Tinky Winky, Dipsy, Laa-Laa & Po were the big 4 on this BBC kids' show that opened with a creepy baby face in the rising sun",UNKNOWN,600,Jeopardy
8997,SCIENCE: MISSED IT BY THAT MUCH,"At this 7/16/1945 ""Site"", Fermi's guess on bomb yield was off by half--not bad for tossing paper in the air as the blast wave came",UNKNOWN,600,Jeopardy
8997,"ROCK, PAPER, SCISSORS","Slate & marble are types of this rock, formed in most cases when its mineral composition changes",UNKNOWN,600,Jeopardy
8997,FACTS ABOUT WORLD WAR I,"Allied troops from this Western Hemisphere country stormed Vimy Ridge in 1917; they took it at a cost of nearly 4,000 men",UNKNOWN,800,Jeopardy
8997,THEY COME IN PAIRS,"Galileo made a table of probabilities based on a set of 3 of these, but today we more often see them in pairs",UNKNOWN,800,Jeopardy
8997,WORDS IN A DICKENS TITLE,"As a verb it can mean to sing joyously, perhaps at holiday time",UNKNOWN,800,Jeopardy
8997,"PUTTING THE ""T"" IN TV","It preceded ""The Sarah Connor Chronicles"" in the title of a sci-fi series",UNKNOWN,800,Jeopardy
8997,SCIENCE: MISSED IT BY THAT MUCH,Hipparchus of Bithynia calculated this distance at a bit under 2 million miles; 93 million is more like it,UNKNOWN,800,Jeopardy
8997,"ROCK, PAPER, SCISSORS","If you're baking, this alliterative paper will prevent your batter from sticking to the pan",UNKNOWN,800,Jeopardy
8997,FACTS ABOUT WORLD WAR I,"To halt a German advance during 1914's First Battle of the Marne, 600 of these transports brought 3,000 French troops to the front",UNKNOWN,1000,Jeopardy
8997,THEY COME IN PAIRS,"Up to 7 feet long, the traditional Alaskan type of these are great for walking on deep, dry powder in open country",UNKNOWN,1000,Jeopardy
8997,WORDS IN A DICKENS TITLE,This type of secret cult religion in the ancient Greco-Roman world offered unique experiences unlike those in the standard faiths,UNKNOWN,1000,Jeopardy
8997,"PUTTING THE ""T"" IN TV","Its 8th & last season finale ended with its characters ringing in January 1, 1980",UNKNOWN,1000,Jeopardy
8997,SCIENCE: MISSED IT BY THAT MUCH,"The ""Top 10 Erroneous Results"" from Science News include a 2011 finding that these chargeless particles can outrace light",UNKNOWN,1000,Jeopardy
8997,"ROCK, PAPER, SCISSORS","With roots going back to 1649, this Finnish company began making its distinctive orange-handled scissors in 1967",UNKNOWN,1000,Jeopardy
8997,AMERICAN RIVERS,"Washington State has the White River & the river named ""White"" this type of fish that's known to run",UNKNOWN,400,Double Jeopardy
8997,LITERARY HATERADE,"Nabokov went off on this writer: ""I read him... in the early '40s, something about bells... & bulls & I loathed it""",UNKNOWN,400,Double Jeopardy
8997,ANAGRAMMED ADJECTIVES,Belligerent:ACTIVE MOB,UNKNOWN,400,Double Jeopardy
8997,I'M GIVING A PARTY,"A Rishi Sunakolyte, tycoon Mohamed Mansour gave this U.K. party millions of pounds in 2023",UNKNOWN,400,Double Jeopardy
8997,BY INVITATION ONLY,Invitations to his 1761 coronation depicted him seated beside his queen in Westminster Abbey & angels flying above them,UNKNOWN,400,Double Jeopardy
8997,AMERICAN RIVERS,"The ""Philadelphia Inquirer"" once dubbed this stately waterway ""the river that made Philadelphia""",UNKNOWN,800,Double Jeopardy
8997,LITERARY HATERADE,"Charles Baudelaire gave this ""Candide"" author flowers--of evil!--when he called him ""the king of nincompoops""",UNKNOWN,800,Double Jeopardy
8997,ANAGRAMMED ADJECTIVES,Perplexed:LEWD BEER ID,UNKNOWN,800,Double Jeopardy
8997,RECENTLY ON BILLBOARD'S HOT 100,"Britney Spears praised his recent hit ""Selfish"", but I wouldn't count on seeing the 2 tour together anytime soon",UNKNOWN,800,Double Jeopardy
8997,I'M GIVING A PARTY,"In 2023 James Cameron & Lucy Lawless each gave the New Zealand version of this nature-protecting party NZ$50,000",UNKNOWN,800,Double Jeopardy
8997,BY INVITATION ONLY,"Known for cryptic invitations, Apple teased reporters on the event launch of this music device with ""hint: it's not a Mac""",UNKNOWN,800,Double Jeopardy
8997,AMERICAN RIVERS,"The Gila River makes its way from New Mexico to Arizona, meeting this other river at Yuma",UNKNOWN,0,Double Jeopardy
8997,LITERARY HATERADE,"Norman Mailer bashed this man's fit, saying, ""there is something silly about a man who wears a white suit all the time""",UNKNOWN,1200,Double Jeopardy
8997,ANAGRAMMED ADJECTIVES,No need to recycle:BOB DRIED ALGAE,UNKNOWN,1200,Double Jeopardy
8997,RECENTLY ON BILLBOARD'S HOT 100,"Luke Combs was ""kissin' on a blonde  in a backyard pool"" & let the wild rumpus start with this song, also a kids' book title",UNKNOWN,0,Double Jeopardy
8997,I'M GIVING A PARTY,This ex-NYC mayor gave the Dems big bucks after ending his 2020 campaign & in 2024 got the Presidential Medal of Freedom,UNKNOWN,1200,Double Jeopardy
8997,BY INVITATION ONLY,These parties date from 1809 & invitations to dance with & meet the new president are often collectible,UNKNOWN,1200,Double Jeopardy
8997,AMERICAN RIVERS,"Virginia's largest river is this one that's been dubbed the ""Founding River"" due to its role in American history",UNKNOWN,1600,Double Jeopardy
8997,LITERARY HATERADE,"Oscar Wilde said there were 2 ways to dislike poetry, 1: just to dislike it. 2: to like this ""Rape of the Lock"" poet",UNKNOWN,1600,Double Jeopardy
8997,ANAGRAMMED ADJECTIVES,Faultless:CAMEL BICEP,UNKNOWN,1600,Double Jeopardy
8997,RECENTLY ON BILLBOARD'S HOT 100,"Dua Lipa sang, ""I come & I go, tell me all the ways you need me, I'm not here for long, catch me or I go"" this man",UNKNOWN,1600,Double Jeopardy
8997,I'M GIVING A PARTY,Mining company Vedanta has given this current Indian prime minister's BJP Party billions of rupees,UNKNOWN,1600,Double Jeopardy
8997,AMERICAN RIVERS,"A source of hydroelectric power for South Carolina, the Catawba River rises in these mountains to the north",UNKNOWN,2000,Double Jeopardy
8997,LITERARY HATERADE,"W.H. Auden went in on this 19th century Brit, saying that ""his wife""--also a poet--""probably didn't care for him very much""",UNKNOWN,2000,Double Jeopardy
8997,ANAGRAMMED ADJECTIVES,Full of wisdom:GLOBAL WEEKEND,UNKNOWN,2000,Double Jeopardy
8997,RECENTLY ON BILLBOARD'S HOT 100,"In what must have been a nice week in 2024 for this rapper, ""Redrum"" & ""Née-Nah"" were 2 of his 14 tunes on the chart",UNKNOWN,2000,Double Jeopardy
8997,FAMOUS WOMEN,"Adding to her nickname, one legend claimed that earlier in life, she was saved from drowning by family friend Mark Twain",UNKNOWN,0,Final Jeopardy
8996,MEDALISTS IN PARIS,"Richard Norris Williams won Olympic gold in 1924, 12 years after jumping off this ship into icy water & almost losing his legs",UNKNOWN,200,Jeopardy
8996,IT BORDERS BOTH COUNTRIES,Norway &Mongolia,UNKNOWN,200,Jeopardy
8996,TELE VISION,"In Season 2 of this show, Kali, aka Eight, has psychic powers & mentors Eleven",UNKNOWN,200,Jeopardy
8996,DANGER BIRD,The feathers of the hooded pitohui secrete the same toxin as the skin of these frogs named for deadly projectiles,UNKNOWN,200,Jeopardy
8996,THEY CALL ME...,"Margaret Thatcher, & I was actually quite chuffed when a Moscow newspaper gave me this nickname",UNKNOWN,200,Jeopardy
8996,MELLOW YELLOW,"When an ace is combined with any card from a 2 through 9 in this game, it's a soft hand",UNKNOWN,200,Jeopardy
8996,MEDALISTS IN PARIS,Chemist Jean-Marie Tarascon won a 2022 gold medal for work on the lithium-ion type of these,UNKNOWN,400,Jeopardy
8996,IT BORDERS BOTH COUNTRIES,Luxembourg &Andorra,UNKNOWN,400,Jeopardy
8996,TELE VISION,"As Ed Glosser, the trivial psychic on ""SNL"", he warned someone they're gonna get an ice cream headache for 8 or 9 seconds",UNKNOWN,400,Jeopardy
8996,DANGER BIRD,"Found on Canadian coins, it's known to kill ducks & even others of its own kind that enter its territory",UNKNOWN,400,Jeopardy
8996,THEY CALL ME...,"Jehanne la Pucelle, or Joan of Arc, but I'm quite fond of the moniker ""Maid of"" this lovely city on the Loire",UNKNOWN,400,Jeopardy
8996,MELLOW YELLOW,"Before June gloom & no sky July, sun-loving Southern Californians have to suffer through this related period",UNKNOWN,400,Jeopardy
8996,MEDALISTS IN PARIS,The Institut de France houses 5 of these scholarly bodies & the medals of the one of sciences are awarded under its dome,UNKNOWN,600,Jeopardy
8996,IT BORDERS BOTH COUNTRIES,Kenya &Eritrea,UNKNOWN,600,Jeopardy
8996,TELE VISION,"In a time-traveling vision, this character sees his father Ned as a younger man & learns a thing or 2 about Jon Snow",UNKNOWN,600,Jeopardy
8996,DANGER BIRD,In 2013 a Kansas zoo went viral with a video of one of these big birds honking & chasing a gorilla around its enclosure,UNKNOWN,600,Jeopardy
8996,THEY CALL ME...,Benjamin Siegel--I'm a gangster & friends gave me this nickname; enemies who use it are cruising for a bruising,UNKNOWN,600,Jeopardy
8996,MELLOW YELLOW,"Steadfastly loyal, as in the title of a 1986 Madonna hit",UNKNOWN,600,Jeopardy
8996,MEDALISTS IN PARIS,"Born during the French Open in 1986, he grew up to dominate the event & receive the Grand Vermeil Medal of the City of Paris",UNKNOWN,800,Jeopardy
8996,IT BORDERS BOTH COUNTRIES,Ecuador &Bolivia,UNKNOWN,0,Jeopardy
8996,TELE VISION,"In this series based on a Stephen King novel, Anthony Michael Hall wakes up from a coma with psychic abilities",UNKNOWN,800,Jeopardy
8996,DANGER BIRD,"Mimus polyglottos, it's notorious for dive-bombing humans & other animals that approach its nests",UNKNOWN,800,Jeopardy
8996,THEY CALL ME...,"""Uncle Sam""; you may be familiar with a historic WWI recruiting poster in which these 3 words implored Americans to join up",UNKNOWN,800,Jeopardy
8996,MELLOW YELLOW,"A chilled beverage from Starbucks with coconut milk, açaí & strawberry is called this",UNKNOWN,800,Jeopardy
8996,MEDALISTS IN PARIS,Military medal ceremonies are often  held in the courtyard of this complex that was begun to serve injured veterans,UNKNOWN,1000,Jeopardy
8996,IT BORDERS BOTH COUNTRIES,Guatemala &Nicaragua,UNKNOWN,1000,Jeopardy
8996,TELE VISION,I have a vision that you'll name this show that starred supernaturally gifted Patricia Arquette as a crime solver,UNKNOWN,1000,Jeopardy
8996,DANGER BIRD,"Called the world's most dangerous bird, this emu relative has dagger-like toes & can run 30 miles per hour or more",UNKNOWN,1000,Jeopardy
8996,THEY CALL ME...,"""La Divina"", & I'm this soprano who made a sizzling headliner at La Scala in 1951",UNKNOWN,1000,Jeopardy
8996,MELLOW YELLOW,"In French, this veggie is un haricot vert",UNKNOWN,1000,Jeopardy
8996,AMERICAN HISTORY,"An 1882 Exclusion Act barred immigrants from this country, though many had built the Central Pacific Railroad",UNKNOWN,400,Double Jeopardy
8996,HODGEPODGE,"The earliest known flag of orange, white & green stripes to represent this country dates from 1848",UNKNOWN,400,Double Jeopardy
8996,MY ART IS FULL,"Keeping art very local from the 1890s until 1926, Monet's series of about 250 oil paintings focused on a pond of these in his garden",UNKNOWN,400,Double Jeopardy
8996,4-LETTER WORDS,Fix your female kitty,UNKNOWN,400,Double Jeopardy
8996,HOLLYWOOD FAMILIES,"(Michael Douglas presents the clue.)  With showbiz roots that go back to his maternal great grandfather, Harry Warner, of Warner Brothers fame, Cole Hauser plays tough guy ranch foreman Rip Wheeler on this series",UNKNOWN,400,Double Jeopardy
8996,NOVEL CHANGE A LETTER,Ranch hands George & Lennie embrace a Buddhist state of calm,UNKNOWN,400,Double Jeopardy
8996,AMERICAN HISTORY,"Before succeeding Thomas Jefferson as president, James Madison served for 8 years in TJ's Cabinet in this post",UNKNOWN,800,Double Jeopardy
8996,HODGEPODGE,"Pope Siricius is remembered for a 4th c. edict requiring this practice for priests, among whom he was probably not popular",UNKNOWN,800,Double Jeopardy
8996,MY ART IS FULL,"2 big events for this woman in 1958: she painted ""Making Apple Butter"" & also turned 98",UNKNOWN,800,Double Jeopardy
8996,4-LETTER WORDS,That's some nerve; it's also another word for bile,UNKNOWN,800,Double Jeopardy
8996,HOLLYWOOD FAMILIES,Kate & Oliver Hudson have praise for mom Goldie Hawn & this actor-stepdad who helped raise them,UNKNOWN,800,Double Jeopardy
8996,NOVEL CHANGE A LETTER,Upton Sinclair's magnum opus about one man's attempt to write the perfect catchy advertising tune,UNKNOWN,800,Double Jeopardy
8996,AMERICAN HISTORY,"This epidemic came to the U.S. in 1918 & spread rapidly in densely populated barracks, like at Fort Riley in Kansas",UNKNOWN,1200,Double Jeopardy
8996,HODGEPODGE,Candy Lightner led a movement against this after it led to her daughter's death while walking to a church carnival,UNKNOWN,1200,Double Jeopardy
8996,MY ART IS FULL,Here's a classic sample of this '80s artist who opened The Pop Shop in New York City before dying far too young in 1990,UNKNOWN,1200,Double Jeopardy
8996,4-LETTER WORDS,"Sometimes preceding probandi, this burden is on you",UNKNOWN,0,Double Jeopardy
8996,HOLLYWOOD FAMILIES,"(Michael Douglas presents the clue.) Early in their careers, these two brothers appeared on their father Lloyd's TV adventure series ""Sea Hunt""",UNKNOWN,1200,Double Jeopardy
8996,NOVEL CHANGE A LETTER,H.G. Wells' sordid tale of a man who creates a device capable of making a distressing number of clones of Marcel Marceau,UNKNOWN,1200,Double Jeopardy
8996,AMERICAN HISTORY,"In 1916 this Mexican bandit & revolutionary attacked Columbus, New Mexico, killing 18 U.S. citizens",UNKNOWN,1600,Double Jeopardy
8996,HODGEPODGE,"Scientifically Chironex fleckeri, the sea wasp is a deadly Pacific variety of this",UNKNOWN,1600,Double Jeopardy
8996,MY ART IS FULL,"In 1796 this artist may not have finished painting George Washington's head, but the image was on the money in 1869",UNKNOWN,0,Double Jeopardy
8996,4-LETTER WORDS,Osculate,UNKNOWN,1600,Double Jeopardy
8996,HOLLYWOOD FAMILIES,"An actress & now a singer, she made the cover of People magazine as an infant, ""Elvis's First Grandchild""",UNKNOWN,1600,Double Jeopardy
8996,NOVEL CHANGE A LETTER,"Simon & Piggy, in desperate need of cooking supplies, render some fat from winged insects",UNKNOWN,1600,Double Jeopardy
8996,AMERICAN HISTORY,"In the years before the Revolution, the colonies stayed in touch via the alliterative Committees of this",UNKNOWN,2000,Double Jeopardy
8996,HODGEPODGE,"Founded as a British Colonial post in 1893, Entebbe, Uganda is located on the northwest shore of this body of water",UNKNOWN,2000,Double Jeopardy
8996,MY ART IS FULL,"One of the jollier Dutch masters, Jan Steen painted everyday scenes like  players of this 9-pin bowling game outside an inn",UNKNOWN,2000,Double Jeopardy
8996,4-LETTER WORDS,A street urchin or ragamuffin,UNKNOWN,2000,Double Jeopardy
8996,HOLLYWOOD FAMILIES,"(Michael Douglas presents the clue.) In the 2015 Western film ""Forsaken"", this father & son played father & son on screen for the first time",UNKNOWN,2000,Double Jeopardy
8996,NOVEL CHANGE A LETTER,"Cormac McCarthy's saga of an aged, female chicken caught up in a world of drugs & killers",UNKNOWN,2000,Double Jeopardy
8996,U.S. PLACE NAMES,"This name of a national forest means ""fool"" & may be one Apache group's name for another group; it's also a problematic TV character",UNKNOWN,0,Final Jeopardy
8995,FLAVORS,For decades Pop-Tarts' No. 1 bestselling flavor has been frosted this fruit,UNKNOWN,200,Jeopardy
8995,ALSO A BIRD,Pharoah or Leno,UNKNOWN,200,Jeopardy
8995,SPRING IN YOUR STEP,"An order from Gimbels department store helped elevate sales of these sticks, a 1920s fad",UNKNOWN,200,Jeopardy
8995,SUMMER READING,This 1973 Lois Duncan thriller was turned into a 1997 slasher film with Jennifer Love Hewitt,UNKNOWN,200,Jeopardy
8995,TAKING A FALL,"In 2024 he stepped into some Majors shoes as stunt man Colt Seavers in ""The Fall Guy""",UNKNOWN,200,Jeopardy
8995,THE WINTER OF OUR DISCONTENT,"Not learning from history & bewaring some ides, King Odoacer of Italy went to a banquet he would not survive on this date in 493",UNKNOWN,200,Jeopardy
8995,FLAVORS,"Traditionally, marzipan gets its unique flavor from these nuts & is often enhanced with the extract",UNKNOWN,400,Jeopardy
8995,ALSO A BIRD,"A jolly escapade, or a prank",UNKNOWN,400,Jeopardy
8995,SPRING IN YOUR STEP,"A nursery rhyme concerns nimble, quick Jack & this feat of his",UNKNOWN,400,Jeopardy
8995,SUMMER READING,"The nonfiction ""The Boys of Summer"", about the Brooklyn  Dodgers of the 1950s, mentions this ballpark in the subtitle",UNKNOWN,0,Jeopardy
8995,TAKING A FALL,"This ""Commando"" actor, holding a guy by his leg over a cliff: ""Remember... when I promised to kill you last?"" (lets go) ""I lied""",UNKNOWN,400,Jeopardy
8995,THE WINTER OF OUR DISCONTENT,"In Feb. 62 A.D. this city & Herculaneum were hit by a big earthquake, but that was nothing compared to what was coming up 17 years later",UNKNOWN,400,Jeopardy
8995,FLAVORS,"Calbee makes Japanese snacks, including Kappa Ebisen crackers, flavored with this shellfish, the ebi",UNKNOWN,600,Jeopardy
8995,ALSO A BIRD,Any New Zealander,UNKNOWN,600,Jeopardy
8995,SPRING IN YOUR STEP,"The reptile Phrynocephalus guttatus can jump 8 inches, so a group would qualify for this Little Orphan Annie catchphrase",UNKNOWN,600,Jeopardy
8995,SUMMER READING,"Cousins Beach is the setting for ""The Summer"" I did this, the basis for an Amazon Prime series",UNKNOWN,600,Jeopardy
8995,TAKING A FALL,"On ""SNL"", Chevy Chase took many clumsy pratfalls while playing this president who, ironically, was a great athlete",UNKNOWN,600,Jeopardy
8995,THE WINTER OF OUR DISCONTENT,James Clark was brutally killed in a garage at 2122 North Clark with other Bugs Moran gang members in 1929 on this date,UNKNOWN,600,Jeopardy
8995,FLAVORS,"Cinnamon, cardamom & ginger are the predominant flavors in this type of tea, Hindi for ""tea""",UNKNOWN,800,Jeopardy
8995,ALSO A BIRD,A poke in the buttocks,UNKNOWN,800,Jeopardy
8995,SPRING IN YOUR STEP,"Call it puma, cougar or by this 2-word name, it has a 40-foot horizontal & 20-foot vertical leap",UNKNOWN,800,Jeopardy
8995,SUMMER READING,"R.L. Stine takes a stab at the bard with his horror tale called ""A Midsummer Night's"" this",UNKNOWN,800,Jeopardy
8995,TAKING A FALL,"This cop falls down the stairs with--& breaks the neck of--a terrorist, but it's still gonna be a long night for him at Nakatomi Plaza",UNKNOWN,800,Jeopardy
8995,THE WINTER OF OUR DISCONTENT,"After dealing with dysentery & disease-bearing mosquitoes the year before, this Virginia colony was decimated by a fire in January 1608",UNKNOWN,800,Jeopardy
8995,FLAVORS,"Used in a variety of confections, these seeds are usually described as having a licorice flavor",UNKNOWN,1000,Jeopardy
8995,ALSO A BIRD,Type of number like 1 or 7,UNKNOWN,1000,Jeopardy
8995,SPRING IN YOUR STEP,"There's bouncing & leaping aplenty in ""Alegría"", called this troupe's most iconic show",UNKNOWN,1000,Jeopardy
8995,SUMMER READING,"""Farewell Summer"" was this sci-fi author's 2006 sequel to ""Dandelion Wine"", written almost 50 years before",UNKNOWN,1000,Jeopardy
8995,TAKING A FALL,"Here's this silent movie star, taking a fall as only he could",UNKNOWN,1000,Jeopardy
8995,THE WINTER OF OUR DISCONTENT,"In Dec. 1894 this French captain was convicted of selling military secrets to Germany but after an uproar, got a pardon 5 years later",UNKNOWN,1000,Jeopardy
8995,U.S. AREAS & TERRITORIES,"The flag of the Northern Mariana Islands features a latte stone surrounded by a Carolinian mwáár, this floral garland",UNKNOWN,400,Double Jeopardy
8995,IT'S ALL GREEK MYTH TO ME,Oceanus & Thea are among these gods who are the children of primordial earth & heaven,UNKNOWN,400,Double Jeopardy
8995,TIME FOR SCIENCE,"Telescopes can be reflectors, which use mirrors to focus light, or these, which use lenses",UNKNOWN,400,Double Jeopardy
8995,THE ROARING '20s,"In 1921, in Atlantic City, 16-year-old Margaret Gorman became the first woman to win this national beauty title",UNKNOWN,400,Double Jeopardy
8995,WRITER-DIRECTORS,"Quentin Tarantino wrote dialogue for this Denzel-Hackman submarine movie; the Silver Surfer art argument scene, just maybe",UNKNOWN,400,Double Jeopardy
8995,DROP IN,"Drop ""in"" from the end of a synonym for start & get this verb that goes with ""borrow or steal""",UNKNOWN,400,Double Jeopardy
8995,U.S. AREAS & TERRITORIES,"Though the olive branch does rep peace, the arrows of this Antillean territory are for its three large land masses",UNKNOWN,800,Double Jeopardy
8995,IT'S ALL GREEK MYTH TO ME,"Using his chops on the lyre to charm this canine guard of Hades, Orpheus was able to enter & attempt to rescue Eurydice",UNKNOWN,800,Double Jeopardy
8995,TIME FOR SCIENCE,"Carbon atoms can form 4 of these with other atoms; in carbene molecules, they form just 2",UNKNOWN,800,Double Jeopardy
8995,THE ROARING '20s,"By 1920 bobbed hair was becoming a big thing, so much so that he wrote the short story ""Bernice Bobs Her Hair""",UNKNOWN,800,Double Jeopardy
8995,WRITER-DIRECTORS,"JCR (John C. Reilly) & PSH (Philip Seymour Hoffman) had associations with PTA (this director) going back to ""Hard Eight""",UNKNOWN,800,Double Jeopardy
8995,DROP IN,"Steal ""in"" from a Hood who stole to get this synonym for steal",UNKNOWN,800,Double Jeopardy
8995,U.S. AREAS & TERRITORIES,"The Latin phrase ""Joannes est nomen ejus"", meaning ""Juan is its name"", is on this commonwealth's seal",UNKNOWN,1200,Double Jeopardy
8995,IT'S ALL GREEK MYTH TO ME,"This name applied to  a sea monster with 12 feet & 6 heads, each head containing 3 rows of  sharklike teeth, or just a rock",UNKNOWN,0,Double Jeopardy
8995,TIME FOR SCIENCE,The dynamo theory says that movement of liquid iron in Earth's core creates this protective blanket around the planet,UNKNOWN,1200,Double Jeopardy
8995,THE ROARING '20s,"Named for a city, this dance swept the nation",UNKNOWN,1200,Double Jeopardy
8995,WRITER-DIRECTORS,Everything about this sci-fi epic that Francis Ford Coppola began writing in 1983 & premiered at Cannes in 2024 is big,UNKNOWN,1200,Double Jeopardy
8995,DROP IN,"A word meaning added together subtracts its ""in"" to get this word for what you did to your hair",UNKNOWN,1200,Double Jeopardy
8995,U.S. AREAS & TERRITORIES,"Despite the name, these birds aren't dumb--the masked & brown types make their homes on Johnston Atoll, a Nat. Wildlife Refuge",UNKNOWN,1600,Double Jeopardy
8995,IT'S ALL GREEK MYTH TO ME,"With a little help from Apollo during the Trojan War, this prince shot an arrow into Achilles' heel, killing him",UNKNOWN,1600,Double Jeopardy
8995,TIME FOR SCIENCE,"Most elements exist in multiple forms called these; beyond No. 83 on the periodic table, there are no stable ones",UNKNOWN,1600,Double Jeopardy
8995,THE ROARING '20s,"This ""saintly"" resort town in the Alps hosted 25 countries for the 1928 Winter Olympics",UNKNOWN,1600,Double Jeopardy
8995,WRITER-DIRECTORS,"The TV series ""Queen Sugar"" is from this auteur who also directed ""Selma""",UNKNOWN,1600,Double Jeopardy
8995,DROP IN,"Lose ""in"" from a small statuette to get this shape of the human body",UNKNOWN,1600,Double Jeopardy
8995,U.S. AREAS & TERRITORIES,"Swains Island, part of this territory south of the equator, was claimed by Eli Jennings in 1856 & has remained in the family since",UNKNOWN,2000,Double Jeopardy
8995,IT'S ALL GREEK MYTH TO ME,"A skilled yet boastful artisan, she was transformed into a spider after challenging Athena to a weaving contest",UNKNOWN,2000,Double Jeopardy
8995,TIME FOR SCIENCE,"Early electronics used bulky vacuum tubes; beginning in the late 1940s, these compact successors made things portable",UNKNOWN,2000,Double Jeopardy
8995,THE ROARING '20s,In 1926 this L.A. evangelist was the subject of a scandal when she disappeared for a month & claimed to have been kidnapped,UNKNOWN,2000,Double Jeopardy
8995,WRITER-DIRECTORS,"TV's ""Sense8"", which followed 8 psychically connected people, was from the ""Matrix"" siblings with this last name",UNKNOWN,2000,Double Jeopardy
8995,DROP IN,"Kick both ""in""s out of a 2-word principal route of a railroad to get this gendered 4-letter word",UNKNOWN,0,Double Jeopardy
8995,HISTORIC SPOTS,"Known for a fabled event of 1881, it housed an auto repair shop after the disappearance of the horse & buggy",UNKNOWN,0,Final Jeopardy
8994,SCIENTIFIC DISCOVERIES,Calculations by Urbain Le Verrier were integral to the discovery of this ice giant that was observed in 1846,UNKNOWN,200,Jeopardy
8994,STARS WE LOST LAST YEAR,Yo! Burt Young played Adrian's brother Paulie for the first time in this 1976 film; it would not be the last,UNKNOWN,200,Jeopardy
8994,ALL APOLOGIES,"Beg this? Eisenhower generously gave 1,110 of 'em",UNKNOWN,200,Jeopardy
8994,STATE HOLIDAYS,"This state, the home of Betsy Ross, is the only one that celebrates Flag Day as an official legal holiday",UNKNOWN,200,Jeopardy
8994,MOUTH TO MOUTH,"Idiomatically, something said to come straight from this beastly location is from the most reliable source",UNKNOWN,200,Jeopardy
8994,CLASSIC POEMS' ENDINGS,"""Mighty Casey has struck out""",UNKNOWN,200,Jeopardy
8994,SCIENTIFIC DISCOVERIES,This German discoverer of the 3 laws of planetary motion also invented a valveless gear pump,UNKNOWN,400,Jeopardy
8994,STARS WE LOST LAST YEAR,"He was the C in CSNY, whose 1970 album ""Déjà Vu"" was called ""a virtual loyalty oath to the counterculture"" by the N.Y. Times",UNKNOWN,400,Jeopardy
8994,ALL APOLOGIES,"These, ""I've had a few, but then again, too few to mention""; you ""send"" them when turning down an invitation",UNKNOWN,400,Jeopardy
8994,STATE HOLIDAYS,In 2021 Arizona made August 14 a legal state holiday to honor this tribe's indigenous code talkers from World War II,UNKNOWN,400,Jeopardy
8994,MOUTH TO MOUTH,The white interior of a water moccasin's mouth gives it this alternate name,UNKNOWN,400,Jeopardy
8994,CLASSIC POEMS' ENDINGS,"""I took the one less traveled by, and that has made all the difference""",UNKNOWN,400,Jeopardy
8994,SCIENTIFIC DISCOVERIES,British physicist Sir J.J. Thomson discovered this subatomic particle in 1897,UNKNOWN,600,Jeopardy
8994,STARS WE LOST LAST YEAR,"Melinda Dillon graced such films as ""Close Encounters"", ""Slap Shot"" &, as Mother Parker, this 1983 holiday classic",UNKNOWN,600,Jeopardy
8994,ALL APOLOGIES,"It's ""the classic game of sweet revenge""",UNKNOWN,600,Jeopardy
8994,STATE HOLIDAYS,In 2023 Governor Hochul signed legislation making this Hindu festival of lights a school holiday in New York City,UNKNOWN,600,Jeopardy
8994,MOUTH TO MOUTH,"This character in ""2001: A Space Odyssey"" reads the lips of the astronauts, who think they are talking privately",UNKNOWN,600,Jeopardy
8994,CLASSIC POEMS' ENDINGS,"""Rage, rage against the dying of the light""",UNKNOWN,600,Jeopardy
8994,SCIENTIFIC DISCOVERIES,This Frenchman was practicing medicine without a license when he tried out his rabies vaccine on a boy in 1885,UNKNOWN,800,Jeopardy
8994,STARS WE LOST LAST YEAR,"As 2 very different cops, Andre Braugher brought the drama to ""Homicide"" &, playing Captain Raymond Holt, the funny to this NYC-set sitcom",UNKNOWN,800,Jeopardy
8994,ALL APOLOGIES,"Oh, I ""C"", this adjective means chastened or penitent",UNKNOWN,800,Jeopardy
8994,STATE HOLIDAYS,"Iowa honors this president with a special day, the Sunday that falls closest to August 10, his birthday",UNKNOWN,800,Jeopardy
8994,MOUTH TO MOUTH,"In Jewish folklore, when a sacred word written on paper was placed in the mouth of one of these, the creature would come to life",UNKNOWN,800,Jeopardy
8994,CLASSIC POEMS' ENDINGS,"""All mimsy were the borogoves, and the mome raths outgrabe""",UNKNOWN,800,Jeopardy
8994,SCIENTIFIC DISCOVERIES,"Astronomer Vera Rubin said, ""In a spiral galaxy, the ratio of dark-to-light"" this ""is about a factor of 10""",UNKNOWN,1000,Jeopardy
8994,STARS WE LOST LAST YEAR,"2 decades after her early fame, from 1984 to 1986 she had 10 Top 40 hits, including ""It's Only Love"", a duet with Bryan Adams",UNKNOWN,1000,Jeopardy
8994,ALL APOLOGIES,This 2-word Latin phrase is a formal way to acknowledge fault,UNKNOWN,1000,Jeopardy
8994,STATE HOLIDAYS,"April 2 is Pascua Florida Day, celebrating his arrival in what's now Florida",UNKNOWN,1000,Jeopardy
8994,MOUTH TO MOUTH,The Shatt al-Arab River in southeastern Iraq is formed where the mouths of these 2 rivers meet at the town of Al-Qurnah,UNKNOWN,1000,Jeopardy
8994,CLASSIC POEMS' ENDINGS,"""Noble six hundred!""",UNKNOWN,0,Jeopardy
8994,THAT'S AN EXECUTIVE ORDER,"President Biden's Oct. 30, 2023 order on the development & use of this noted its ""extraordinary potential for both promise and peril""",UNKNOWN,400,Double Jeopardy
8994,THE II,"John Adams II served as an aide to this man, his father, & got to get married at the White House in 1828",UNKNOWN,400,Double Jeopardy
8994,SONGS FROM THE MOVIE SOUNDTRACK,"Just 2 of its 4 No. 1s were ""If I Can't Have You"" & ""How Deep Is Your Love""",UNKNOWN,400,Double Jeopardy
8994,FOOD HISTORY,It's not anything space-y but a malted dairy product that gave its name to this candy bar first sold in 1924,UNKNOWN,400,Double Jeopardy
8994,WORLD CITIES,"FDR became the first president to fly while in office when he attended a conference in this African city, sweetheart",UNKNOWN,400,Double Jeopardy
8994,"3 ""O""s",Here's an actual one of these at a space center in Houston,UNKNOWN,400,Double Jeopardy
8994,THAT'S AN EXECUTIVE ORDER,"Lincoln's order of Sept. 3, 1864 gave thanks to General Sherman & his ""gallant"" troops for their capture of this city",UNKNOWN,800,Double Jeopardy
8994,THE II,"This guy II knew something about cars, like when he brought the Thunderbird to market",UNKNOWN,800,Double Jeopardy
8994,SONGS FROM THE MOVIE SOUNDTRACK,"""I Believe I Can Fly"" got things animated in this 1996 film",UNKNOWN,800,Double Jeopardy
8994,FOOD HISTORY,"Sam Panopoulos gave this name to the pizza he created; it's been called a ""Canadian treasure"" & ""a Polynesian perversion""",UNKNOWN,800,Double Jeopardy
8994,WORLD CITIES,Istanbul's European & Asian sides are separated by this strait,UNKNOWN,800,Double Jeopardy
8994,"3 ""O""s","These performers can bend over backwards, literally, & twist their bodies in all kinds of unusual ways",UNKNOWN,800,Double Jeopardy
8994,THAT'S AN EXECUTIVE ORDER,"During the Korean War, Harry Truman ordered a takeover of the industry making this vital alloy; the Supreme Court said no",UNKNOWN,1200,Double Jeopardy
8994,THE II,Shakespeare's play about this king deposed in 1399 was staged in 1601 as part of a feeble rebellion against Queen Elizabeth I,UNKNOWN,1200,Double Jeopardy
8994,SONGS FROM THE MOVIE SOUNDTRACK,"""Sunflower"" by Post Malone & Swae Lee brightened up this 2018 installment in the ""Spider-Man"" franchise",UNKNOWN,1200,Double Jeopardy
8994,FOOD HISTORY,"This British dessert was first used to liven up some leftover cake with booze; its name also means ""something of little significance""",UNKNOWN,1200,Double Jeopardy
8994,WORLD CITIES,It's France's oldest city & its main seaport,UNKNOWN,0,Double Jeopardy
8994,"3 ""O""s","Seen here in full bloom, it's the state tree of Virginia as well as its state flower",UNKNOWN,1200,Double Jeopardy
8994,THAT'S AN EXECUTIVE ORDER,"Martin Van Buren's first order, March 7, 1837, commanded the surgeon general to accompany this ailing man headed home to Tennessee",UNKNOWN,0,Double Jeopardy
8994,THE II,"A 16th century Antwerp artist was a re-Pieter, sometimes known by this name II",UNKNOWN,1600,Double Jeopardy
8994,SONGS FROM THE MOVIE SOUNDTRACK,"Curtis Mayfield's ""Pusherman"" & ""Freddie's Dead"" are cuts from the uber-cool soundtrack of this 1972 movie",UNKNOWN,1600,Double Jeopardy
8994,FOOD HISTORY,"Andrew Zimmern's website notes that this portmanteau of a dish goes by the moniker ""three-bird roast"" in the United Kingdom",UNKNOWN,1600,Double Jeopardy
8994,WORLD CITIES,"The operetta ""The Student Prince"" is set in this city in southern Germany, site of the country's oldest university",UNKNOWN,1600,Double Jeopardy
8994,"3 ""O""s","The name of a biblical king gives us this adjective meaning ""wise""",UNKNOWN,1600,Double Jeopardy
8994,THAT'S AN EXECUTIVE ORDER,In 1964 LBJ made this soon-to-be 70-year-old exempt from impending compulsory retirement under federal law,UNKNOWN,2000,Double Jeopardy
8994,THE II,James W. Alexander II was one of the founders of this -ology in which forms like a mug & a donut are equivalent,UNKNOWN,2000,Double Jeopardy
8994,SONGS FROM THE MOVIE SOUNDTRACK,"It featured ""Kiss"" by Prince & The Revolution, & it wasn't ""Purple Rain""",UNKNOWN,2000,Double Jeopardy
8994,FOOD HISTORY,"A 1940 ad in the Australian Women's Weekly recommended one teaspoon of this spread ""for good health & digestion""",UNKNOWN,2000,Double Jeopardy
8994,WORLD CITIES,Addis Ababa was founded by this emperor II in the late 1880s,UNKNOWN,2000,Double Jeopardy
8994,"3 ""O""s",Mohammed VI became king of it in 1999,UNKNOWN,2000,Double Jeopardy
8994,AUTHORS,"""Love"" is within the titles of 3 of his most famous books; a fourth, ""The Rainbow"", calls love ""the flower of life""",UNKNOWN,0,Final Jeopardy
